Id,Total words,Average words per sentence,Total OOV words,Average OOV words,Most frequent unigrams 1,Most frequent unigrams 2,Most frequent unigrams 3,Most frequent unigrams 4,Most frequent unigrams 5,Most frequent unigrams 6,Most frequent bigrams 1,Most frequent bigrams 2,Most frequent bigrams 3,Most frequent bigrams 4,Most frequent bigrams 5,Most frequent bigrams 6,Most frequent trigrams 1,Most frequent trigrams 2,Most frequent trigrams 3,Most frequent trigrams 4,Most frequent trigrams 5,Most frequent trigrams 6
1,277,27.7,65,0.14545454545454545,6,5,5,5,5,4,4,3,3,2,2,2,2,2,2,2,2,1
2,318,22.714285714285715,65,0.10759493670886076,12,12,6,5,5,5,12,4,4,4,3,3,4,3,3,3,3,3
3,402,23.647058823529413,105,0.1425,11,11,9,6,5,5,5,4,3,3,3,2,3,3,2,2,2,2
4,305,21.785714285714285,73,0.09210526315789473,9,9,9,8,7,5,9,8,3,3,3,3,8,3,3,3,3,3
5,421,24.764705882352942,85,0.10978520286396182,14,12,9,8,7,5,12,7,5,3,2,2,7,5,3,3,2,2
6,280,23.333333333333332,45,0.08214285714285714,11,8,7,5,3,3,4,3,2,2,2,2,2,2,2,1,1,1
7,178,19.77777777777778,37,0.08888888888888889,7,6,4,3,3,3,4,3,2,2,2,2,2,2,2,2,1,1
8,386,25.733333333333334,89,0.13989637305699482,11,10,10,9,6,6,9,4,4,3,3,3,3,3,2,2,2,2
9,320,21.333333333333332,68,0.1125,12,5,5,5,5,4,5,4,4,2,2,2,4,4,2,1,1,1
10,351,19.5,88,0.14285714285714285,16,4,4,3,3,3,3,2,2,2,2,2,2,2,2,1,1,1
11,267,22.25,45,0.04868913857677903,7,6,5,5,4,4,3,3,3,2,2,2,2,2,2,2,2,1
12,396,23.294117647058822,121,0.17048346055979643,12,11,11,9,8,6,9,6,3,2,2,2,2,2,2,2,2,2
13,310,22.142857142857142,63,0.08766233766233766,13,12,5,5,5,5,12,5,3,2,2,2,3,2,2,2,2,2
14,312,19.5,66,0.10576923076923077,11,11,8,6,4,4,4,3,3,2,2,2,2,2,2,2,2,2
15,289,18.0625,78,0.15916955017301038,12,7,6,5,5,4,4,4,3,2,2,2,2,2,2,2,2,2
16,200,16.666666666666668,37,0.075,8,8,3,3,3,2,8,3,2,2,2,2,3,2,2,2,2,2
17,295,17.352941176470587,62,0.07796610169491526,8,8,6,5,5,4,8,3,2,2,2,2,2,1,1,1,1,1
18,394,23.176470588235293,89,0.09948979591836735,12,10,9,7,5,5,4,4,2,2,2,2,2,2,2,2,2,2
19,300,18.75,58,0.08,10,9,8,8,7,6,7,7,4,4,4,3,3,3,3,3,3,2
20,332,23.714285714285715,78,0.13636363636363635,14,13,6,5,5,5,13,5,3,3,3,3,3,3,2,2,2,2
21,328,23.428571428571427,77,0.13496932515337423,8,7,7,5,4,4,4,4,2,2,2,2,2,2,2,2,2,2
22,276,21.23076923076923,77,0.16,8,5,5,4,3,3,2,2,2,2,2,2,2,2,2,2,2,1
23,430,21.5,95,0.09501187648456057,11,9,8,8,4,4,4,3,3,3,3,3,3,3,2,2,2,2
24,261,23.727272727272727,61,0.13846153846153847,5,4,3,3,3,3,2,2,2,2,2,2,2,2,2,2,2,1
25,247,20.583333333333332,54,0.09349593495934959,8,4,3,3,2,2,2,2,2,2,2,2,2,2,1,1,1,1
26,290,19.333333333333332,46,0.06551724137931035,12,12,8,4,4,4,12,3,3,3,3,2,3,3,2,2,2,2
27,485,23.095238095238095,95,0.10330578512396695,16,13,7,6,5,5,13,6,5,3,3,2,6,5,2,2,2,2
28,455,23.94736842105263,86,0.09230769230769231,13,12,7,7,4,4,9,4,3,3,3,2,4,3,2,2,2,2
29,340,24.285714285714285,58,0.08529411764705883,14,12,7,6,4,3,5,5,2,2,1,1,3,2,1,1,1,1
30,418,22.0,73,0.06235011990407674,14,7,6,6,6,5,6,5,4,4,4,3,5,3,3,3,3,2
31,337,25.923076923076923,88,0.16766467065868262,9,9,8,7,5,5,6,4,3,3,3,2,4,3,3,2,2,2
32,343,24.5,63,0.05539358600583091,9,7,6,6,5,5,4,4,3,3,3,3,3,3,3,3,3,2
33,406,20.3,106,0.1318407960199005,18,13,8,6,6,5,8,5,5,4,4,3,5,5,4,2,2,2
34,283,23.583333333333332,69,0.10283687943262411,11,10,10,8,8,7,8,6,6,5,3,3,6,6,4,3,3,2
35,361,24.066666666666666,99,0.15492957746478872,12,10,7,5,5,5,5,5,5,4,3,2,5,4,2,2,2,2
36,357,23.8,58,0.0700280112044818,13,8,7,7,6,5,7,7,5,5,3,2,7,5,3,2,2,2
37,326,23.285714285714285,86,0.16358024691358025,10,10,9,4,4,4,3,3,3,3,3,3,3,2,2,2,2,2
38,510,26.842105263157894,77,0.07058823529411765,13,11,11,9,9,8,8,7,5,5,4,4,4,3,3,3,3,2
39,272,20.923076923076923,41,0.058823529411764705,20,10,7,7,5,5,9,7,5,4,3,3,5,2,2,2,2,2
40,350,26.923076923076923,64,0.10285714285714286,9,9,9,6,6,5,7,5,3,3,2,2,3,2,2,2,2,2
41,420,23.333333333333332,98,0.12171837708830549,12,9,8,7,5,5,3,2,2,2,2,2,2,2,2,2,2,1
42,341,17.94736842105263,87,0.09411764705882353,9,6,5,4,4,4,5,3,3,3,2,2,3,3,3,2,2,2
43,329,19.352941176470587,89,0.14984709480122324,10,9,8,5,5,5,7,7,5,4,2,2,5,5,2,2,2,2
44,376,22.11764705882353,97,0.14361702127659576,10,7,7,6,5,5,5,3,3,3,3,3,3,3,2,2,2,2
45,394,24.625,84,0.1319796954314721,16,12,9,9,6,6,6,5,4,4,4,3,4,3,3,3,3,3
46,348,24.857142857142858,52,0.06340057636887608,8,7,5,5,4,4,4,3,3,3,3,3,3,3,3,3,3,2
47,338,21.125,53,0.0621301775147929,11,11,9,7,6,5,6,5,4,4,3,3,4,3,2,2,2,2
48,357,19.833333333333332,83,0.1092436974789916,13,13,13,6,6,6,13,13,4,3,3,3,13,4,3,3,2,2
49,337,21.0625,69,0.1044776119402985,11,9,7,7,6,4,5,4,3,3,3,2,2,2,2,2,2,2
50,325,23.214285714285715,63,0.08923076923076922,9,7,5,5,5,4,5,3,3,3,2,2,3,2,2,2,2,2
51,298,21.285714285714285,83,0.1310344827586207,10,7,5,4,3,3,6,3,2,2,2,2,2,2,2,2,1,1
52,403,28.785714285714285,74,0.09429280397022333,13,12,7,7,5,5,8,5,4,4,4,3,5,4,4,3,3,3
53,359,23.933333333333334,84,0.11484593837535013,10,6,6,5,5,5,4,3,3,3,2,2,2,2,2,2,1,1
54,259,19.923076923076923,70,0.1484375,10,7,7,6,5,4,6,5,4,3,2,2,4,3,2,2,2,1
55,305,23.46153846153846,60,0.07260726072607261,13,9,5,4,3,3,4,3,3,3,2,2,3,2,2,2,2,2
56,376,25.066666666666666,71,0.09090909090909091,12,8,8,6,5,5,8,3,3,3,3,3,3,3,3,3,3,2
57,252,21.0,58,0.11952191235059761,6,6,5,4,4,3,2,2,2,1,1,1,1,1,1,1,1,1
58,348,18.31578947368421,91,0.125,9,5,5,4,4,3,5,4,2,2,2,2,2,2,2,2,2,2
59,276,21.23076923076923,58,0.11313868613138686,11,7,4,4,3,3,7,4,3,3,3,2,3,3,3,2,2,1
60,288,22.153846153846153,74,0.12014134275618374,6,5,3,3,3,3,3,2,2,2,2,1,1,1,1,1,1,1
61,284,23.666666666666668,55,0.10320284697508897,5,5,4,4,4,3,4,3,2,2,2,2,3,2,2,2,1,1
62,320,20.0,83,0.14603174603174604,10,7,5,5,4,3,3,2,2,2,2,2,2,2,2,2,1,1
63,314,24.153846153846153,77,0.13870967741935483,9,8,6,6,3,3,3,3,3,3,3,2,3,2,2,2,2,2
64,330,23.571428571428573,50,0.05454545454545454,7,6,5,5,4,3,3,3,3,2,2,2,3,2,2,2,2,2
65,318,22.714285714285715,73,0.11428571428571428,10,8,7,5,4,4,4,4,3,2,2,2,2,2,2,2,2,2
66,336,18.666666666666668,68,0.07530120481927711,15,7,7,6,5,4,7,6,5,4,2,2,6,5,2,1,1,1
67,359,27.615384615384617,78,0.10335195530726257,14,12,8,8,6,5,8,6,4,3,3,3,3,3,2,2,2,1
68,273,24.818181818181817,70,0.12087912087912088,15,11,8,7,7,5,11,7,4,4,3,2,7,4,4,2,2,2
69,304,20.266666666666666,66,0.10927152317880795,8,6,5,5,4,4,4,4,3,3,3,3,3,3,3,2,2,2
70,326,20.375,71,0.11419753086419752,12,11,11,3,3,3,11,2,2,2,2,2,2,2,2,2,2,2
71,307,25.583333333333332,63,0.11726384364820847,11,11,9,5,4,4,11,4,3,3,3,3,4,3,3,3,3,2
72,283,25.727272727272727,86,0.20567375886524822,6,3,3,3,3,3,3,3,3,2,1,1,3,1,1,1,1,1
73,306,30.6,77,0.13013698630136986,13,10,8,8,8,5,8,8,8,5,3,3,8,8,3,3,3,3
74,329,23.5,92,0.1524390243902439,11,7,7,6,4,4,6,2,2,2,2,2,2,2,1,1,1,1
75,314,20.933333333333334,80,0.14423076923076922,9,7,5,4,4,4,5,3,2,2,2,2,3,2,1,1,1,1
76,258,21.5,47,0.08527131782945736,7,6,6,6,5,3,5,2,2,2,2,2,2,2,2,2,1,1
77,290,29.0,59,0.1314878892733564,11,6,5,4,4,3,3,3,2,2,2,2,3,2,2,2,2,2
78,299,23.0,63,0.11784511784511785,8,7,7,7,6,4,7,5,3,2,2,2,5,2,2,2,2,2
79,384,24.0,118,0.19109947643979058,13,13,8,8,6,6,12,7,3,3,3,3,7,3,3,3,3,3
80,306,25.5,51,0.07894736842105263,10,6,5,5,5,4,4,3,3,2,2,2,3,2,2,2,2,2
81,377,29.0,66,0.10344827586206896,11,9,8,8,8,7,8,4,4,4,3,3,4,3,3,3,3,3
82,324,24.923076923076923,73,0.13043478260869565,7,7,6,4,4,3,4,4,3,2,2,2,3,2,2,2,2,2
83,516,24.571428571428573,112,0.1245136186770428,21,15,12,12,10,8,7,7,7,7,7,7,7,7,7,6,5,4
84,350,25.0,93,0.13793103448275862,11,9,8,6,5,5,4,4,4,4,3,3,3,3,3,2,2,2
85,390,24.375,106,0.17435897435897435,13,10,8,8,6,6,5,5,4,4,3,3,3,2,2,2,2,2
86,287,22.076923076923077,63,0.12195121951219512,10,7,6,4,3,3,3,2,2,2,2,2,2,2,2,1,1,1
87,238,26.444444444444443,54,0.1072961373390558,6,6,4,3,3,3,6,2,2,2,2,2,2,2,2,1,1,1
88,356,29.666666666666668,67,0.09550561797752809,10,9,9,5,5,5,5,3,3,3,3,2,3,3,2,2,2,2
89,310,19.375,97,0.1895424836601307,9,8,6,5,3,3,3,3,2,2,2,2,3,2,1,1,1,1
90,277,23.083333333333332,56,0.10218978102189781,6,6,4,4,4,3,4,3,2,2,2,1,2,2,1,1,1,1
91,317,24.384615384615383,63,0.0914826498422713,8,8,7,7,7,5,7,7,6,3,3,3,7,6,3,3,3,3
92,255,19.615384615384617,55,0.0992063492063492,6,6,6,5,3,3,6,3,2,2,2,2,2,2,2,2,2,2
93,344,34.4,72,0.14534883720930233,8,6,5,5,5,5,4,3,3,3,3,2,3,2,2,2,2,2
94,345,26.53846153846154,71,0.09302325581395349,14,5,5,4,4,4,3,3,3,2,2,2,2,2,2,2,1,1
95,322,18.941176470588236,67,0.09316770186335403,12,10,9,5,5,5,5,4,3,3,2,2,2,2,2,2,2,2
96,277,17.3125,57,0.09352517985611511,7,7,6,5,4,4,3,2,2,2,2,2,2,2,2,2,2,2
97,302,23.23076923076923,77,0.14715719063545152,6,5,4,4,4,4,3,3,2,2,2,2,3,2,2,2,2,2
98,318,22.714285714285715,62,0.07348242811501597,6,6,5,5,4,3,3,2,2,2,2,2,2,1,1,1,1,1
99,447,23.526315789473685,111,0.12612612612612611,10,9,8,7,6,6,5,4,4,3,3,3,4,3,3,2,2,2
100,355,22.1875,82,0.1359773371104816,11,8,6,6,5,5,7,5,4,4,4,3,4,4,2,2,2,2
101,244,24.4,45,0.09836065573770492,6,5,5,3,3,3,3,3,3,3,3,2,3,3,3,3,2,2
102,329,19.352941176470587,83,0.1196319018404908,7,6,6,5,5,4,5,4,3,2,2,2,3,2,2,2,2,2
103,272,19.428571428571427,63,0.12546125461254612,8,7,6,5,4,3,6,5,4,2,2,2,4,2,2,2,2,2
104,312,20.8,74,0.14743589743589744,8,7,6,5,5,5,5,4,2,2,2,2,2,2,2,1,1,1
105,287,20.5,68,0.13286713286713286,8,6,5,5,5,5,3,3,3,3,2,2,2,2,2,2,2,2
106,313,24.076923076923077,78,0.13782051282051283,9,7,6,5,5,5,2,2,2,2,2,2,2,2,2,2,2,2
107,390,21.666666666666668,70,0.0979381443298969,13,10,9,8,8,7,7,7,4,3,3,2,3,3,2,2,2,2
108,410,20.5,65,0.05134474327628362,6,6,6,5,5,5,5,4,3,3,3,3,3,2,2,2,2,2
109,359,27.615384615384617,57,0.08913649025069638,13,11,10,6,6,5,11,6,5,4,4,4,5,5,4,3,3,3
110,351,21.9375,69,0.10571428571428572,8,7,6,5,5,5,5,4,4,3,3,3,4,3,3,3,3,2
111,259,23.545454545454547,49,0.07335907335907337,8,7,6,6,4,4,6,4,4,3,2,2,3,2,2,2,2,1
112,284,18.933333333333334,59,0.09219858156028368,10,9,7,5,5,3,5,5,4,3,3,3,3,3,2,2,2,2
113,408,24.0,86,0.11274509803921569,11,11,8,7,6,6,7,4,4,4,4,4,4,4,4,3,3,3
114,335,27.916666666666668,65,0.11411411411411411,11,7,6,6,5,5,4,4,3,3,3,3,2,2,2,2,2,2
115,280,20.0,63,0.11071428571428571,8,7,7,5,3,3,6,4,2,2,2,2,4,2,2,1,1,1
116,445,26.176470588235293,111,0.13963963963963963,16,13,11,9,8,7,8,7,4,3,3,2,2,2,2,2,2,2
117,404,21.263157894736842,77,0.11386138613861387,8,8,5,4,4,4,3,2,2,2,2,2,1,1,1,1,1,1
118,337,22.466666666666665,63,0.09281437125748503,9,8,7,7,5,4,4,3,3,3,3,3,3,3,3,2,2,1
119,338,19.88235294117647,83,0.14583333333333334,11,8,7,4,3,3,6,4,2,2,2,2,2,2,2,1,1,1
120,265,18.928571428571427,70,0.1417624521072797,9,6,5,5,4,4,3,3,3,3,2,2,3,3,2,2,2,2
121,325,23.214285714285715,49,0.025,8,7,6,6,5,5,3,3,3,3,2,2,2,2,2,2,2,1
122,315,24.23076923076923,63,0.08945686900958466,9,8,5,5,4,4,5,4,4,4,3,3,4,4,3,2,2,2
123,472,24.842105263157894,86,0.09110169491525423,9,6,6,5,5,5,6,5,4,3,3,3,4,3,3,3,2,2
124,243,22.09090909090909,47,0.0823045267489712,9,5,4,3,3,3,3,3,2,2,2,2,2,2,2,2,2,2
125,324,23.142857142857142,82,0.11949685534591195,10,8,7,6,4,4,5,5,4,3,3,3,3,3,3,3,2,2
126,348,21.75,88,0.13005780346820808,10,10,5,5,5,5,9,4,3,3,2,2,3,2,2,2,2,1
127,292,18.25,68,0.11379310344827587,6,4,4,3,3,3,2,2,2,2,1,1,1,1,1,1,1,1
128,433,24.055555555555557,88,0.10574712643678161,15,12,4,4,3,3,2,2,2,2,2,2,2,1,1,1,1,1
129,303,18.9375,63,0.10596026490066225,15,11,7,5,5,4,6,5,3,3,2,2,3,2,2,2,2,1
130,363,15.782608695652174,69,0.07142857142857142,11,10,9,7,7,7,5,4,4,3,3,2,3,2,2,2,2,1
131,409,17.782608695652176,87,0.09330143540669857,10,10,8,7,7,6,6,5,5,4,4,3,5,5,4,3,3,1
132,514,28.555555555555557,98,0.09320388349514563,6,4,4,4,3,3,2,1,1,1,1,1,1,1,1,1,1,1
133,219,12.882352941176471,57,0.1493212669683258,12,6,4,4,4,4,2,2,2,2,2,2,2,2,1,1,1,1
134,344,24.571428571428573,58,0.0782608695652174,7,5,5,4,4,4,3,2,2,2,2,1,1,1,1,1,1,1
135,348,15.818181818181818,63,0.05714285714285714,19,11,8,6,5,4,5,4,4,3,2,2,4,2,2,2,1,1
136,651,25.03846153846154,156,0.10122699386503067,26,12,10,9,8,8,6,6,5,5,3,2,5,4,3,2,2,2
137,408,15.692307692307692,79,0.08557457212713937,9,8,8,8,6,6,3,2,2,2,2,2,2,2,1,1,1,1
138,430,20.476190476190474,80,0.07925407925407925,13,10,10,9,8,7,7,4,4,4,3,2,2,2,2,2,1,1
139,244,18.76923076923077,39,0.08196721311475409,8,6,6,5,4,3,5,4,3,3,3,2,4,3,3,2,2,2
140,274,21.076923076923077,57,0.07326007326007326,11,7,5,4,4,3,5,3,2,2,2,2,2,2,2,2,1,1
141,345,11.89655172413793,84,0.05747126436781609,7,6,5,5,4,4,2,2,1,1,1,1,1,1,1,1,1,1
142,588,24.5,128,0.12776831345826234,12,7,6,6,6,5,3,3,2,2,1,1,1,1,1,1,1,1
143,275,19.642857142857142,63,0.08363636363636363,6,5,5,5,3,3,3,3,2,2,2,2,3,2,2,1,1,1
144,308,34.22222222222222,49,0.08737864077669903,11,9,8,4,4,3,2,2,2,2,2,2,2,2,2,1,1,1
145,303,21.642857142857142,65,0.09868421052631579,6,6,4,3,3,3,2,2,2,2,1,1,1,1,1,1,1,1
146,270,18.0,60,0.07326007326007326,5,5,4,4,4,4,2,2,2,2,1,1,2,1,1,1,1,1
147,299,18.6875,73,0.1016949152542373,6,5,5,4,4,4,4,4,3,2,1,1,4,1,1,1,1,1
148,323,14.681818181818182,96,0.1526479750778816,10,9,8,6,4,4,3,2,1,1,1,1,1,1,1,1,1,1
149,419,22.05263157894737,86,0.07673860911270983,15,13,13,6,5,4,11,2,2,2,2,2,2,2,2,1,1,1
150,628,17.942857142857143,172,0.1287758346581876,11,9,9,7,6,6,4,3,2,2,2,2,1,1,1,1,1,1
151,414,14.785714285714286,64,0.06265060240963856,8,7,6,5,5,4,5,4,2,2,2,2,2,2,2,1,1,1
152,269,19.214285714285715,49,0.08614232209737828,7,3,3,3,2,2,2,2,2,2,2,2,2,2,1,1,1,1
153,345,16.428571428571427,64,0.08529411764705883,13,9,6,6,4,4,5,4,3,2,2,2,2,2,2,1,1,1
154,404,20.2,90,0.08188585607940446,7,4,3,3,3,3,3,2,2,2,1,1,1,1,1,1,1,1
155,384,18.285714285714285,112,0.15625,8,4,4,3,3,3,2,2,2,1,1,1,1,1,1,1,1,1
156,300,13.636363636363637,94,0.16611295681063123,7,6,5,5,4,4,2,2,2,2,2,2,2,1,1,1,1,1
157,478,19.12,119,0.15368421052631578,9,7,5,5,5,4,2,2,2,2,2,2,2,2,2,2,2,1
158,413,17.208333333333332,112,0.11435523114355231,6,6,5,5,4,4,3,2,2,2,2,2,2,2,1,1,1,1
159,402,21.157894736842106,46,0.035,8,7,6,5,5,4,2,2,2,2,2,2,1,1,1,1,1,1
160,502,20.916666666666668,83,0.07341269841269842,7,6,6,6,5,4,3,2,2,2,2,2,2,2,1,1,1,1
161,256,21.333333333333332,55,0.109375,5,4,3,3,3,3,2,2,2,1,1,1,1,1,1,1,1,1
162,454,20.636363636363637,110,0.12141280353200883,15,6,6,6,6,5,6,3,3,3,2,2,2,2,1,1,1,1
163,227,15.133333333333333,36,0.05286343612334802,7,7,3,3,3,3,3,1,1,1,1,1,1,1,1,1,1,1
164,338,17.789473684210527,72,0.09467455621301775,6,6,6,4,3,3,3,2,2,2,2,1,2,1,1,1,1,1
165,298,18.625,57,0.09395973154362416,4,4,3,3,3,3,2,2,2,1,1,1,1,1,1,1,1,1
166,248,19.076923076923077,52,0.06938775510204082,5,4,4,4,3,3,2,2,2,1,1,1,1,1,1,1,1,1
167,530,23.043478260869566,117,0.1157495256166983,8,8,8,7,5,4,7,3,2,2,2,2,2,2,1,1,1,1
168,423,16.26923076923077,100,0.0831353919239905,5,4,4,4,4,3,4,2,2,1,1,1,2,1,1,1,1,1
169,476,17.62962962962963,103,0.08385744234800839,14,11,6,6,5,5,3,3,3,2,2,2,3,3,2,2,2,1
170,539,15.852941176470589,140,0.14471243042671614,13,11,11,8,7,6,3,3,2,2,2,2,1,1,1,1,1,1
171,406,15.615384615384615,67,0.0691358024691358,14,9,4,4,4,3,9,3,3,3,2,2,3,3,2,2,1,1
172,536,18.482758620689655,120,0.08662900188323917,13,11,8,7,7,6,5,5,4,3,2,2,3,2,2,2,1,1
173,366,22.875,68,0.08108108108108109,9,7,6,5,5,4,2,2,2,2,2,2,2,2,1,1,1,1
174,393,19.65,73,0.06701030927835051,14,9,8,7,7,5,3,3,2,2,2,2,2,2,2,2,2,2
175,542,17.483870967741936,143,0.11623616236162361,11,9,8,8,8,7,4,3,2,2,2,2,2,2,2,2,2,2
176,329,18.27777777777778,65,0.08923076923076922,9,4,4,4,3,3,3,2,2,2,2,1,2,2,2,2,1,1
177,293,19.533333333333335,58,0.07191780821917808,9,8,5,4,4,3,3,2,2,2,2,1,2,2,1,1,1,1
178,231,10.5,55,0.09649122807017543,9,8,6,3,3,2,6,3,3,2,2,2,2,2,2,2,2,1
179,488,16.82758620689655,116,0.10655737704918032,21,16,9,9,6,6,6,3,2,2,2,2,2,2,2,1,1,1
180,272,14.31578947368421,71,0.10408921933085502,6,5,3,3,3,3,3,3,2,2,1,1,1,1,1,1,1,1
181,385,21.38888888888889,102,0.1260053619302949,8,7,6,5,5,5,2,2,2,2,2,2,2,1,1,1,1,1
182,537,17.322580645161292,124,0.10800744878957169,11,8,6,5,5,5,5,2,2,2,2,2,2,2,2,1,1,1
183,435,17.4,95,0.11290322580645161,15,13,10,8,6,4,5,5,5,4,4,4,4,4,3,3,2,2
184,537,20.653846153846153,108,0.1033210332103321,10,8,7,7,6,6,6,3,2,2,2,2,2,2,1,1,1,1
185,658,18.8,130,0.0790273556231003,11,6,6,5,5,5,3,3,3,2,2,2,2,2,2,2,1,1
186,298,17.529411764705884,65,0.050505050505050504,4,4,3,3,3,3,3,1,1,1,1,1,1,1,1,1,1,1
187,278,18.533333333333335,79,0.09665427509293681,5,4,3,3,3,2,3,2,2,1,1,1,1,1,1,1,1,1
188,337,24.071428571428573,63,0.08035714285714286,15,15,8,6,6,4,9,2,2,2,2,2,2,2,2,2,2,1
189,385,19.25,113,0.15748031496062992,11,9,7,7,7,7,7,6,5,4,3,3,5,4,3,3,2,2
190,389,16.208333333333332,94,0.10256410256410256,18,6,5,5,5,5,3,3,3,2,2,2,3,2,1,1,1,1
191,235,23.5,38,0.07758620689655173,7,5,4,4,2,2,4,2,1,1,1,1,1,1,1,1,1,1
192,386,14.296296296296296,72,0.07772020725388601,5,5,5,4,3,3,3,2,2,2,2,2,1,1,1,1,1,1
193,308,17.11111111111111,41,0.04220779220779221,12,6,4,4,3,3,2,2,2,2,2,1,2,1,1,1,1,1
194,383,13.678571428571429,138,0.16062176165803108,15,13,8,8,5,5,5,5,3,2,2,2,5,2,1,1,1,1
195,579,28.95,84,0.04655172413793104,9,8,6,4,4,4,4,2,2,2,2,2,2,2,1,1,1,1
196,350,19.444444444444443,88,0.12931034482758622,10,7,4,4,4,3,3,3,2,2,2,2,2,1,1,1,1,1
197,497,19.115384615384617,111,0.1292929292929293,12,12,10,4,4,4,2,2,2,2,2,2,2,1,1,1,1,1
198,254,15.875,86,0.1062992125984252,9,9,9,4,3,3,9,9,2,2,1,1,9,1,1,1,1,1
199,370,21.764705882352942,90,0.1105121293800539,8,7,7,6,5,5,4,2,2,2,2,2,2,2,1,1,1,1
200,348,19.333333333333332,84,0.11504424778761062,6,6,5,5,5,3,3,2,2,1,1,1,1,1,1,1,1,1
201,376,12.96551724137931,83,0.10933333333333334,9,6,6,6,6,6,3,3,3,3,2,2,3,2,2,2,1,1
202,407,19.38095238095238,96,0.1262135922330097,12,8,7,7,5,3,7,6,3,3,2,2,3,3,3,2,1,1
203,336,17.68421052631579,103,0.16417910447761194,18,6,4,4,4,4,4,3,2,2,2,2,2,1,1,1,1,1
204,403,14.925925925925926,107,0.12935323383084577,11,11,10,7,6,5,3,2,2,2,2,2,1,1,1,1,1,1
205,304,21.714285714285715,102,0.19141914191419143,9,4,4,4,3,3,1,1,1,1,1,1,1,1,1,1,1,1
206,240,15.0,49,0.0875,7,5,3,3,3,3,2,2,1,1,1,1,1,1,1,1,1,1
207,452,19.652173913043477,93,0.07640449438202247,8,6,6,5,5,5,3,2,2,2,2,2,2,1,1,1,1,1
208,325,13.541666666666666,66,0.06461538461538462,7,6,5,5,5,5,2,2,1,1,1,1,1,1,1,1,1,1
209,290,16.11111111111111,55,0.0896551724137931,7,7,7,6,6,4,5,2,2,2,2,2,2,2,2,2,2,1
210,398,17.304347826086957,103,0.11027568922305764,18,11,9,7,6,5,7,4,3,3,3,3,4,3,2,2,2,2
211,512,16.0,100,0.09251968503937008,18,12,7,6,6,6,3,3,2,2,2,2,1,1,1,1,1,1
212,400,22.22222222222222,77,0.08521303258145363,12,8,8,7,7,5,3,2,2,2,2,2,1,1,1,1,1,1
213,461,19.208333333333332,125,0.15,10,9,9,8,6,5,8,3,2,2,2,2,3,2,2,2,2,1
214,285,16.764705882352942,61,0.10915492957746478,11,8,5,5,5,4,5,4,3,3,2,2,2,2,2,2,2,1
215,299,18.6875,59,0.08666666666666667,5,5,4,4,4,4,3,1,1,1,1,1,1,1,1,1,1,1
216,337,16.85,71,0.11869436201780416,14,6,5,4,3,3,5,3,2,2,2,2,3,2,1,1,1,1
217,372,20.666666666666668,63,0.08602150537634409,6,5,5,4,3,3,3,2,2,2,2,2,2,2,2,2,2,1
218,216,10.285714285714286,68,0.16822429906542055,7,6,5,3,3,3,4,3,2,2,2,2,2,2,1,1,1,1
219,332,23.714285714285715,61,0.10574018126888217,6,4,4,4,3,3,2,1,1,1,1,1,1,1,1,1,1,1
220,286,16.823529411764707,79,0.14285714285714285,11,6,6,4,4,4,3,2,2,2,2,2,2,2,1,1,1,1
221,479,26.61111111111111,92,0.07083333333333333,11,6,5,5,5,4,5,4,3,3,2,2,3,3,2,2,2,1
222,242,13.444444444444445,46,0.06666666666666667,7,6,4,3,3,3,6,2,2,2,2,1,2,2,2,1,1,1
223,293,19.533333333333335,70,0.12627986348122866,13,13,11,6,5,4,5,5,3,3,3,2,3,2,2,2,2,2
224,634,16.256410256410255,112,0.045813586097946286,26,16,6,6,4,3,3,2,2,2,2,2,2,2,1,1,1,1
225,199,19.9,35,0.06091370558375635,6,4,4,4,4,3,4,2,2,2,1,1,2,1,1,1,1,1
226,373,21.941176470588236,118,0.16164383561643836,8,6,5,4,3,3,5,1,1,1,1,1,1,1,1,1,1,1
227,492,22.363636363636363,124,0.14227642276422764,18,11,10,5,4,4,2,2,2,2,2,2,2,1,1,1,1,1
228,392,15.076923076923077,119,0.14030612244897958,16,13,8,7,5,5,7,6,4,2,2,2,2,2,2,2,2,1
229,432,22.736842105263158,93,0.08064516129032258,8,7,4,4,3,3,2,2,2,2,2,1,1,1,1,1,1,1
230,269,19.214285714285715,41,0.04460966542750929,12,9,7,6,5,4,6,4,4,4,4,3,4,3,2,2,2,2
231,394,20.736842105263158,104,0.13740458015267176,15,7,6,5,5,5,3,3,3,2,2,2,2,2,2,1,1,1
232,379,19.94736842105263,77,0.082010582010582,9,7,6,5,4,4,4,2,2,1,1,1,2,1,1,1,1,1
233,317,19.8125,57,0.07278481012658228,10,9,4,4,3,3,9,3,3,2,2,1,3,3,2,2,1,1
234,320,13.333333333333334,78,0.09748427672955975,10,9,5,5,5,5,7,4,3,2,2,2,2,2,2,1,1,1
235,334,16.7,93,0.16216216216216217,8,6,6,5,4,4,4,3,2,2,2,2,2,2,2,2,1,1
236,486,34.714285714285715,118,0.10590631364562118,19,9,8,6,5,5,3,3,2,2,2,2,2,1,1,1,1,1
237,317,19.8125,72,0.11041009463722397,9,8,6,5,4,4,5,2,2,2,2,2,2,2,2,1,1,1
238,288,14.4,58,0.041811846689895474,9,7,7,5,4,3,2,2,2,2,2,2,2,2,2,2,2,1
239,368,13.62962962962963,67,0.07880434782608696,7,6,4,4,4,4,2,2,1,1,1,1,1,1,1,1,1,1
240,597,31.42105263157895,109,0.08571428571428572,13,7,7,5,5,5,5,3,3,2,2,2,2,2,1,1,1,1
241,268,20.615384615384617,55,0.08208955223880597,11,6,5,3,3,3,2,2,2,2,2,2,1,1,1,1,1,1
242,325,14.772727272727273,87,0.12,14,9,5,5,4,4,4,3,3,2,2,2,3,2,2,1,1,1
243,273,15.166666666666666,40,0.07692307692307693,6,6,5,4,4,3,2,2,2,2,2,2,2,1,1,1,1,1
244,408,15.11111111111111,62,0.04197530864197531,11,10,8,7,6,5,4,4,3,3,2,2,2,2,1,1,1,1
245,300,21.428571428571427,55,0.08250825082508251,5,4,4,3,3,3,2,1,1,1,1,1,1,1,1,1,1,1
246,564,18.193548387096776,125,0.08348134991119005,13,12,11,10,9,8,4,3,3,3,3,3,2,2,2,2,2,2
247,457,21.761904761904763,113,0.09347826086956522,17,6,6,5,5,5,2,2,2,2,2,2,1,1,1,1,1,1
248,275,15.277777777777779,57,0.06343283582089553,5,4,4,4,3,3,2,2,2,2,2,2,2,2,1,1,1,1
249,481,32.06666666666667,71,0.06875,9,6,6,6,5,3,2,2,2,2,2,2,2,2,2,1,1,1
250,538,20.692307692307693,120,0.11940298507462686,9,7,5,5,5,4,2,2,2,2,2,2,2,2,2,1,1,1
251,187,15.583333333333334,34,0.06417112299465241,4,4,4,4,3,3,2,2,2,2,2,1,2,1,1,1,1,1
252,378,14.538461538461538,87,0.064,9,8,5,5,5,4,5,3,2,2,2,2,2,2,2,2,2,1
